
Employee; Steven ;Hanks; hank@fmail.com;
Manager; Rosaline ;Park ;parkrosa@yahoo.ca;
Employee; Micheal; Scofield; scocomi@hotmail.fr;
Manager; John ;Doe; johndoe@gmail.com;
Employee; Alice; Johnson; alice.j@example.com;
Manager; Emily ;Davis; emily.d@example.com;
Employee; Mark ;Smith; mark.s@example.com;
Manager; Sophia; Brown; sophia.b@example.com;
Employee; Daniel ;Wilson; daniel.w@example.com;
Manager; Olivia; Martinez; olivia.m@example.com;